*.cellphones.com.vn,
*.cps.onl,
*.fpt.com,
*.fpt.com.vn,
*.fptshop.com.vn,
*.futabus.vn,
*.gdt.gov.vn
*.haravan.com
*.haraworks.vn,
*.live.com,
*.microsoft.com,
*.office.com,
*.palexy.com,
*.pdf24.org,
*.thegioididong.com,
*.whimsical.com,
*.youtube.com,
*.smember.com.vn,
https://smember.com.vn,
http://gdt.gov.vn,
https://ads.google.com,
https://analytics.google.com,
https://app.powerbi.com,
https://calendar.google.com,
https://cellphones.com.vn,
https://classroom.google.com,
https://contacts.google.com,
https://docs.google.com,
https://docs.google.com,
https://drive.google.com,
https://fpt.com,
https://fpt.com.vn,
https://fptshop.com.vn,
https://futabus.vn,
https://gemini.google.com,
https://google.com,
https://google.com.vn.,
https://groups.google.com,
https://haravan.com,
https://haraworks.vn,
https://hoanghamobile.com,
https://live.com,
https://mail.google.com,
https://maps.google.com,
https://meet.google.com,
https://myaccount.google.com,
https://news.google.com,
https://office.com,
https://passwords.google.com,
https://pdf24.org,
https://photos.google.com,
https://sites.google.com,
https://smallpdf.com,
https://thegioididong.com,
https://translate.google.com,
https://whimsical.com,
https://www.google.com,
https://www.google.com.vn,
https://www.microsoft.com,
https://www.palexy.com,
https://youtube.com,
