*.acer.com,
*.ahamove.com,
*.apple.com,
*.asus.com,
*.be.com.vn,
*.bewaco.vn,
*.binhdinhwaco.com.vn,
*.bwaco.com.vn,
*.capnuocbenthanh.com,
*.capnuoccholon.com.vn,
*.capnuoclongkhanh.com.vn,
*.capnuocnhabe.vn,
*.capnuocthuduc.vn,
*.capthoatnuoctayninh.com.vn,
*.cellphones.com.vn,
*.chatgpt.com,
*.cloudflare.com,
*.cloudteam.vn,
*.congtrinhdothibentre.vn,
*.cpc.vn,
*.cps.onl,
*.cskhtanhoa.com.vn,
*.dell.com,
*.dienthoaivui.com.vn,
*.dowaco.vn,
*.easyinvoice.com.vn,
*.easyinvoice.vn,
*.evnhcmc.vn,
*.evnspc.vn,
*.gdt.gov.vn,
*.giadinhwater.vn,
*.grab.com,
*.haravan.com,
*.haraworks.vn,
*.hcmpc.com.vn,
*.hp.com,
*.hstatic.net,
*.ilovepdf.com,
*.kiwaco.vn,
*.lalamove.com,
*.lawaco.com,
*.lazada.vn,
*.lenovo.com,
*.live.com,
*.masothue.com,
*.microsoftonline.com,
*.mobifoneinvoice.vn,
*.msi.com,
*.msn.com,
*.ntx.com.vn,
*.openai.com,
*.oppo.com,
*.pdf24.org,
*.phuwaco.com.vn,
*.powerapps.com,
*.powerbi.com,
*.samsung.com,
*.sickw.com,
*.smallpdf.com,
*.sze.com.vn,
*.sawaco.com.vn,
*.tiwaco.com.vn,
*.vnpt-invoice.com.vn,
*.viettel.vn,
*.xmusicstation.com,
*.xuathoadon.vn,
*.zalo.me,
*.hcmpc.com.vn,
*.fundiin.vn,
*.kredivo.com,
*.nganluong.vn,
*.onepay.vn,
*.zalopay.vn,
*.shopee.vn,
*.momo.vn,
*.vnpay.vn,
*.payoo.vn,
*.vnsky.vn,
*.ghtk.vn,
*.giaohangtietkiem.vn,
*.larksuite.com,
*.petrolimex.com.vn,
*.futabus.vn,
*.smember.com.vn,
file:///C:/Users,
https://admin.google.com,
https://support.google.com,
https://search.google.com,
https://whatismyipaddress.com,
https://smember.com.vn,
https://petrolimex.com.vn,
https://futabus.vn,
https://larksuite.com,
https://ghtk.vn,
https://giaohangtietkiem.vn,
https://vnsky.vn,
https://vnpay.vn,
https://momo.vn,
http://congtrinhdothibentre.vn,
https://accounts.coccoc.com,
https://accounts.google.com,
https://acer.com,
https://ahamove.com,
https://analytics.google.com,
https://apple.com,
https://asus.com,
https://be.com.vn,
https://bewaco.vn,
https://bing.com,
https://binhdinhwaco.com.vn,
https://bwaco.com.vn,
https://calendar.google.com,
https://capnuocbenthanh.com,
https://capnuoccholon.com.vn,
https://capnuoclongkhanh.com.vn,
https://capnuocnhabe.vn,
https://capnuocthuduc.vn,
https://capthoatnuoctayninh.com.vn,
https://cellphones.com.vn,
https://chatgpt.com,
https://cloudflare.com,
https://cloudteam.vn,
https://coccoc.com,
https://coccoc.com.vn,
https://cpc.vn,
https://cps.onl,
https://cskhtanhoa.com.vn,
https://ctn-cantho.com.vn,
https://dell.com,
https://dienthoaivui.com.vn,
https://docs.google.com,
https://dorabot.io,
https://dowaco.vn,
https://drive.google.com,
https://easyinvoice.com.vn,
https://easyinvoice.vn,
https://evnhcmc.vn,
https://evnspc.vn,
https://forms.gle,
https://gdt.gov.vn,
https://giadinhwater.vn,
https://google.com,
https://google.com.vn,
https://google.gg,
https://grab.com,
https://haravan.com,
https://haraworks.vn,
https://hcmpc.com.vn,
https://hp.com,
https://hstatic.net,
https://ica.palexy.com,
https://ilovepdf.com,
https://jtexpress.vn,
https://kiwaco.vn,
https://lalamove.com,
https://lawaco.com,
https://lazada.vn,
https://lenovo.com,
https://oppo.com,
https://mail.google.com,
https://maps.google.com,
https://maps.google.gg,
https://masothue.com,
https://meet.google.com,
https://microsoft.com,
https://mobifoneinvoice.vn,
https://msi.com,
https://my.zuizui.icu,
https://myaccount.google.com,
https://drive.usercontent.google.com,
https://ntx.com.vn,
https://openai.com,
https://payoo.vn,
https://pdf24.org,
https://photos.google.com,
https://phuwaco.com.vn,
https://salework.net,
https://sickw.com,
https://signup.microsoft.com,
https://sites.google.com,
https://smallpdf.com,
https://sze.com.vn,
https://sso.dancuquocgia.gov.vn,
https://sawaco.com.vn,
https://tiwaco.com.vn,
https://translate.google.com,
https://trawaco.com.vn,
https://unpkg.com,
https://viettel.vn,
https://vnpt-invoice.com.vn,
https://www.bing.com,
https://www.google.com,
https://www.google.com.vn,
https://www.google.gg,
https://takeout.google.com,
https://www.google-analytics.com,
https://www.googletagmanager.com,
https://www.samsung.com,
https://xmusicstation.com,
https://xuathoadon.vn,
https://fundiin.vn,
https://kredivo.com,
https://nganluong.vn,
https://onepay.vn,
https://shopee.vn,
https://zalopay.vn,
https://zalo.me,
https://zalo.salework.net