*.haravan.com,
*.haraworks.vn,
https://haravan.com,
https://haraworks.vn,
*.cellphones.com.vn,
*.cps.onl,
https://cps.onl,
https://cellphones.com.vn,
https://accounts.google.com,
https://analytics.google.com,
https://calendar.google.com,
https://docs.google.com,
https://drive.google.com,
https://google.com,
https://google.com.vn,
https://mail.google.com,
https://maps.google.com,
https://maps.google.gg,
https://meet.google.com,
https://myaccount.google.com,
https://photos.google.com,
https://sites.google.com,
https://translate.google.com,
https://search.google.com,
https://www.google.com,
https://www.google.com.vn,
https://console.firebase.google.com,
https://cloud.google.com,
https://www.google-analytics.com,
https://www.googletagmanager.com,
https://tagmanager.google.com,
https://passwords.google.com,
https://analytics.google.com,
https://ads.google.com,
https://groups.google.com,
https://gmail.com,
https://sites.google.com,
https://console.cloud.google.com,
*.powerbi.com,
https://powerbi.com,
https://lookerstudio.google.com,
*.gdt.gov.vn,
https://gdt.gov.vn,
https://smallpdf.com,
https://ads.google.com,
https://lookerstudio.google.com,
*.udemy.com,
https://udemy.com,
*.youtube.com,
https://youtube.com,
*.tiktok.com,
https://tiktok.com,
https://hocexcel.online,
https://thuvienphapluat.vn,
*.mydatalakes.com,
https://mydatalakes.com,
*.larksuite.com,
https://larksuite.com,
*.microsoft.com,
https://learn.microsoft.com,
https://login.microsoftonline.com,
https://live.com,
*.live.com,
*.office.com,
https://office.com,
*.github.com,
https://github.com,
https://stackoverflow.com,
*.daxformatter.com,
https://.daxformatter.com,
*.w3schools.com,
https://w3schools.com,
https://jsonformatter.org,
https://jsoncrack.com,
https://cellphones-portal.cloudteam.vn,
*.cloudteam.vn,
https://colorhunt.co,
*.threads.net,
https://threads.net,
instagram.com,
https://.instagram.com,
https://znews.vn,
*.spotify.com,
https://spotify.com,
*.openai.com,
https://openai.com,
https://chatgpt.com,
*.caresoft.vn,
https://caresoft.vn,
*.datacamp.com
https://datacamp.com,
*.wikipedia.org,
https://wikipedia.org,
*.apple.com,
https://apple.com,
*.icloud.com,
https://icloud.com,
https://play.google.com,
https://hevodata.com,
*.hackerrank.com,
https://hackerrank.com,
*.jsonblob.com,
https://jsonblob.com,
*.informationisbeautiful.net,
https://informationisbeautiful.net,
https://whimsical.com,
*.palexy.com,
https://palexy.com,
*.geeksforgeeks.org,
https://geeksforgeeks.org,
https://cafef.vn,
https://dax.guide,
*.viblo.asia,
https://viblo.asia,
*.linkedin.com,
https://linkedin.com,
*.coursera.org,
https://coursera.org,






















