https://haravan.com,
https://haraworks.vn,
*.haravan.com,
*.haraworks.vn,
https://accounts.google.com,
https://analytics.google.com,
https://calendar.google.com,
https://docs.google.com,
https://drive.google.com,
https://google.com,
https://google.com.vn,
https://google.gg,
https://mail.google.com,
https://maps.google.com,
https://maps.google.gg,
https://meet.google.com,
https://myaccount.google.com,
https://photos.google.com,
https://sites.google.com,
https://translate.google.com,
https://www.google.com,
https://www.google.com.vn,
https://www.google.gg,
https://www.google-analytics.com,
https://www.googletagmanager.com,
https://www.bing.com,
*.ilovepdf.com,
https://ilovepdf.com,
*.cps.onl,
https://cps.onl,
*.bizzi.vn,
https://bizzi.vn,
*.gdt.gov.vn,
https://gdt.gov.vn,
*.cpc.vn,
https://cpc.vn,
*.evnspc.vn,
https://evnspc.vn,
*.evnhcmc.vn,
C:\*,
E:\*,
F:\*,
D:\*,
https://evnhcmc.vn,
https://capnuocbenthanh.com,
*.capnuocbenthanh.com,
https://capnuocgiadinh.vn,
*.vietinbank.vn,
https://vietinbank.vn,
*.vietcombank.com.vn,
https://vietcombank.com.vn,
*.bidv.vn,
https://bidv.vn,
*.bidv.com.vn,
https://bidv.com.vn,
*.msb.com.vn,
https://msb.com.vn,
*.techcombank.com,
https://techcombank.com,
*.techcombank.com.vn,
https://techcombank.com.vn,
*.bk.mufg.jp,
https://bk.mufg.jp,
*.sc.com,
https://sc.com,
*.standardchartered.com,
https://standardchartered.com,
*.acb.com.vn,
https://acb.com.vn,
*.mbbank.com.vn,
https://mbbank.com.vn,
*.shinhan.com.vn,
https://shinhan.com.vn,
*.kasikornbank.com.vn,
https://kasikornbank.com.vn,
*.vpbank.com.vn,
https://vpbank.com.vn,
*.globalmyb2b.com,
https://globalmyb2b.com,
*.cts.vn,
https://cts.vn,
*.uob.com.vn,
https://uob.com.vn,
https://vpbank.com.vn,
*.vpbank.com.vn,
*.hsbcnet.com,
https://hsbcnet.com,
*.hsbc.com.vn,
https://hsbc.com.vn,
*.vnpt-invoice.com.vn,
https://vnpt-invoice.com.vn,
*.stripe.com,
https://stripe.com,
*.pdf24.org,
https://pdf24.org,
https://ketoanthienung.net,
https://aztax.com.vn,
https://thuvienphapluat.vn,
*.gov.vn,
https://gov.vn,
https://luatvietnam.vn,
*.ihoadon.vn,
https://ihoadon.vn,
*.kredivo.com,
https://kredivo.com,
*.onepay.vn,
https://onepay.vn,
*.vnpay.vn,
https://vnpay.vn,
*.momo.vn,
https://momo.vn,
*.fundiin.vn,
https://fundiin.vn,
*.shopee.vn,
https://shopee.vn,
*.nganluong.vn,
https://nganluong.vn,
*.smallpdf.com,
https://smallpdf.com,










